-- phpMyAdmin SQL Dump
-- version 4.0.10deb1
-- http://www.phpmyadmin.net
--
-- Servidor: localhost
-- Tiempo de generación: 20-10-2015 a las 12:50:52
-- Versión del servidor: 5.5.44-0ubuntu0.14.04.1
-- Versión de PHP: 5.5.9-1ubuntu4.13

SET SQL_MODE = "NO_AUTO_VALUE_ON_ZERO";
SET time_zone = "+00:00";


/*!40101 SET @OLD_CHARACTER_SET_CLIENT=@@CHARACTER_SET_CLIENT */;
/*!40101 SET @OLD_CHARACTER_SET_RESULTS=@@CHARACTER_SET_RESULTS */;
/*!40101 SET @OLD_COLLATION_CONNECTION=@@COLLATION_CONNECTION */;
/*!40101 SET NAMES utf8 */;

--
-- Base de datos: `emigrantes`
--
CREATE DATABASE IF NOT EXISTS `emigrantes` DEFAULT CHARACTER SET utf8 COLLATE utf8_unicode_ci;
USE `emigrantes`;

-- --------------------------------------------------------

--
-- Estructura de tabla para la tabla `Continentes`
--

DROP TABLE IF EXISTS `Continentes`;
CREATE TABLE IF NOT EXISTS `Continentes` (
  `ID` char(2) COLLATE utf8_unicode_ci NOT NULL,
  `Nombre` char(15) COLLATE utf8_unicode_ci DEFAULT NULL,
  PRIMARY KEY (`ID`)
) ENGINE=InnoDB DEFAULT CHARSET=utf8 COLLATE=utf8_unicode_ci;

--
-- Volcado de datos para la tabla `Continentes`
--

INSERT INTO `Continentes` (`ID`, `Nombre`) VALUES
('AF', 'AFRICA'),
('AM', 'AMÉRICA'),
('AS', 'ASIA'),
('EU', 'EUROPA'),
('OC', 'OCEANÍA');

-- --------------------------------------------------------

--
-- Estructura de tabla para la tabla `Emigrantes`
--

DROP TABLE IF EXISTS `Emigrantes`;
CREATE TABLE IF NOT EXISTS `Emigrantes` (
  `Anyo` int(11) NOT NULL DEFAULT '0',
  `ID_pais` int(11) NOT NULL DEFAULT '0',
  `Hombres` int(10) unsigned DEFAULT NULL,
  `Mujeres` int(10) unsigned DEFAULT NULL,
  PRIMARY KEY (`Anyo`,`ID_pais`),
  KEY `EmigrantesPaises_FK1` (`ID_pais`)
) ENGINE=InnoDB DEFAULT CHARSET=utf8 COLLATE=utf8_unicode_ci;

--
-- Volcado de datos para la tabla `Emigrantes`
--

INSERT INTO `Emigrantes` (`Anyo`, `ID_pais`, `Hombres`, `Mujeres`) VALUES
(2009, 1, 12, 15),
(2009, 2, 51729, 51334),
(2009, 3, 11491, 11640),
(2009, 4, 0, 0),
(2009, 5, 968, 1201),
(2009, 6, 4, 5),
(2009, 7, 20449, 19681),
(2009, 8, 57, 45),
(2009, 9, 114, 80),
(2009, 10, 75, 87),
(2009, 11, 67, 67),
(2009, 12, 992, 915),
(2009, 13, 40, 31),
(2009, 14, 33, 18),
(2009, 15, 633, 453),
(2009, 16, 89174, 90504),
(2009, 17, 1, 9),
(2009, 18, 597, 784),
(2009, 19, 200, 151),
(2009, 20, 1858, 2505),
(2009, 21, 35, 36),
(2009, 22, 4928, 10210),
(2009, 23, 27, 20),
(2009, 24, 201, 176),
(2009, 25, 48, 25),
(2009, 26, 1694, 1878),
(2009, 27, 7, 1),
(2009, 28, 17, 25),
(2009, 29, 9, 1),
(2009, 30, 101, 107),
(2009, 31, 2, 1),
(2009, 32, 1129, 891),
(2009, 33, 9152, 8853),
(2009, 34, 356, 242),
(2009, 35, 4189, 4947),
(2009, 36, 26095, 31675),
(2009, 37, 221, 190),
(2009, 38, 66, 32),
(2009, 39, 221, 118),
(2009, 40, 759, 674),
(2009, 41, 0, 1),
(2009, 42, 0, 0),
(2009, 43, 108, 92),
(2009, 44, 2803, 2144),
(2009, 45, 44776, 42894),
(2009, 46, 119, 93),
(2009, 47, 109, 104),
(2009, 48, 230, 192),
(2009, 49, 14, 23),
(2009, 50, 8, 4),
(2009, 51, 13, 14),
(2009, 52, 5, 6),
(2009, 53, 18, 14),
(2009, 54, 112, 149),
(2009, 55, 11, 11),
(2009, 56, 2, 1),
(2009, 57, 71, 69),
(2009, 58, 2, 4),
(2009, 59, 302, 297),
(2009, 60, 4, 0),
(2009, 61, 42, 41),
(2009, 62, 43, 33),
(2009, 63, 18, 12),
(2009, 64, 46, 48),
(2009, 65, 24, 6),
(2009, 66, 480, 365),
(2009, 67, 12, 8),
(2009, 68, 82, 84),
(2009, 69, 0, 0),
(2009, 70, 12, 6),
(2009, 71, 82, 87),
(2009, 72, 29, 17),
(2009, 73, 9, 9),
(2009, 74, 9, 10),
(2009, 75, 3028, 2742),
(2009, 76, 17, 20),
(2009, 77, 86, 63),
(2009, 78, 136, 116),
(2009, 79, 242, 52),
(2009, 80, 6, 8),
(2009, 81, 55, 47),
(2009, 82, 1, 4),
(2009, 83, 57, 128),
(2009, 84, 4, 28),
(2009, 85, 1, 3),
(2009, 86, 207, 172),
(2009, 87, 4, 5),
(2009, 88, 2, 1),
(2009, 89, 744, 706),
(2009, 90, 16, 13),
(2009, 91, 0, 0),
(2009, 92, 0, 0),
(2009, 93, 55, 44),
(2009, 94, 15, 14),
(2009, 95, 214, 264),
(2009, 96, 14, 9),
(2009, 97, 9, 5),
(2009, 98, 46, 28),
(2009, 99, 8, 7),
(2009, 100, 139868, 160508),
(2009, 101, 43, 28),
(2009, 102, 9, 9),
(2009, 103, 5, 2),
(2009, 104, 1954, 1833),
(2009, 105, 40562, 37943),
(2009, 106, 5004, 4608),
(2009, 107, 15023, 15686),
(2009, 108, 6015, 5944),
(2009, 109, 1805, 1615),
(2009, 110, 18192, 24400),
(2009, 111, 2878, 2624),
(2009, 112, 513, 480),
(2009, 113, 32846, 34133),
(2009, 114, 0, 1),
(2009, 115, 2252, 2004),
(2009, 116, 0, 0),
(2009, 117, 16, 31),
(2009, 118, 721, 619),
(2009, 119, 60, 38),
(2009, 120, 35925, 33646),
(2009, 121, 592, 516),
(2009, 122, 3172, 2609),
(2009, 123, 1219, 1131),
(2009, 124, 4375, 4633),
(2009, 125, 6857, 5998),
(2009, 126, 0, 0),
(2009, 127, 0, 0),
(2009, 128, 2, 2),
(2009, 129, 0, 0),
(2009, 130, 21, 14),
(2009, 131, 23220, 26223),
(2009, 132, 79401, 78721),
(2009, 133, 3, 2),
(2009, 134, 299, 236),
(2009, 135, 1, 1),
(2009, 136, 9, 12),
(2009, 137, 0, 0),
(2009, 138, 0, 0),
(2009, 139, 16, 9),
(2009, 140, 1359, 933),
(2009, 141, 97, 49),
(2009, 142, 0, 0),
(2009, 143, 565, 464),
(2009, 144, 1250, 1282),
(2009, 145, 154, 185),
(2009, 146, 143, 87),
(2009, 147, 56, 50),
(2009, 148, 4, 2),
(2009, 149, 656, 737),
(2009, 150, 800, 563),
(2009, 151, 488, 529),
(2009, 152, 27, 14),
(2009, 153, 37, 44),
(2009, 154, 6, 3),
(2009, 155, 306, 302),
(2009, 156, 97, 94),
(2009, 157, 0, 0),
(2009, 158, 0, 0),
(2009, 159, 0, 0),
(2009, 160, 0, 0),
(2009, 161, 28, 32),
(2009, 162, 0, 0),
(2009, 163, 107, 104),
(2009, 164, 0, 0),
(2009, 165, 204, 130),
(2009, 166, 206, 214),
(2009, 167, 241, 217),
(2009, 168, 1, 2),
(2009, 169, 0, 0),
(2009, 170, 268, 150),
(2009, 171, 140, 73),
(2009, 172, 0, 0),
(2009, 173, 393, 375),
(2009, 174, 5, 2),
(2009, 175, 69, 37),
(2009, 176, 22, 14),
(2009, 177, 7391, 7141),
(2009, 178, 0, 0),
(2009, 179, 0, 0),
(2009, 180, 160, 166),
(2009, 181, 0, 0),
(2009, 182, 2, 0),
(2009, 183, 0, 0),
(2009, 184, 8, 7),
(2009, 185, 5, 0),
(2010, 1, 17, 19),
(2010, 2, 53036, 52880),
(2010, 3, 11555, 11741),
(2010, 4, 0, 0),
(2010, 5, 1048, 1288),
(2010, 6, 4, 5),
(2010, 7, 22088, 21309),
(2010, 8, 68, 36),
(2010, 9, 134, 93),
(2010, 10, 77, 96),
(2010, 11, 76, 71),
(2010, 12, 1169, 1078),
(2010, 13, 34, 32),
(2010, 14, 34, 21),
(2010, 15, 671, 500),
(2010, 16, 90896, 92381),
(2010, 17, 5, 8),
(2010, 18, 626, 815),
(2010, 19, 203, 156),
(2010, 20, 1927, 2630),
(2010, 21, 56, 45),
(2010, 22, 5947, 11474),
(2010, 23, 29, 17),
(2010, 24, 196, 164),
(2010, 25, 48, 25),
(2010, 26, 1742, 1915),
(2010, 27, 8, 6),
(2010, 28, 15, 24),
(2010, 29, 10, 2),
(2010, 30, 113, 116),
(2010, 31, 2, 2),
(2010, 32, 1240, 1014),
(2010, 33, 9457, 9267),
(2010, 34, 377, 260),
(2010, 35, 4141, 4834),
(2010, 36, 27385, 32983),
(2010, 37, 251, 217),
(2010, 38, 78, 31),
(2010, 39, 250, 145),
(2010, 40, 824, 745),
(2010, 41, 0, 2),
(2010, 42, 0, 0),
(2010, 43, 102, 88),
(2010, 44, 2952, 2256),
(2010, 45, 45938, 44204),
(2010, 46, 138, 101),
(2010, 47, 128, 104),
(2010, 48, 303, 229),
(2010, 49, 21, 25),
(2010, 50, 10, 5),
(2010, 51, 10, 15),
(2010, 52, 6, 6),
(2010, 53, 26, 24),
(2010, 54, 105, 148),
(2010, 55, 11, 8),
(2010, 56, 2, 1),
(2010, 57, 74, 69),
(2010, 58, 2, 3),
(2010, 59, 328, 329),
(2010, 60, 1, 0),
(2010, 61, 45, 49),
(2010, 62, 51, 41),
(2010, 63, 39, 32),
(2010, 64, 43, 51),
(2010, 65, 25, 5),
(2010, 66, 589, 448),
(2010, 67, 26, 23),
(2010, 68, 109, 94),
(2010, 69, 0, 0),
(2010, 70, 11, 9),
(2010, 71, 84, 87),
(2010, 72, 30, 17),
(2010, 73, 8, 8),
(2010, 74, 13, 21),
(2010, 75, 3285, 2993),
(2010, 76, 26, 23),
(2010, 77, 104, 74),
(2010, 78, 142, 122),
(2010, 79, 236, 59),
(2010, 80, 9, 16),
(2010, 81, 89, 67),
(2010, 82, 1, 3),
(2010, 83, 62, 119),
(2010, 84, 7, 26),
(2010, 85, 1, 3),
(2010, 86, 241, 197),
(2010, 87, 4, 5),
(2010, 88, 2, 2),
(2010, 89, 788, 733),
(2010, 90, 20, 25),
(2010, 91, 0, 0),
(2010, 92, 0, 0),
(2010, 93, 49, 44),
(2010, 94, 19, 18),
(2010, 95, 219, 272),
(2010, 96, 14, 17),
(2010, 97, 9, 6),
(2010, 98, 35, 23),
(2010, 99, 8, 6),
(2010, 100, 150107, 171895),
(2010, 101, 42, 27),
(2010, 102, 13, 13),
(2010, 103, 4, 2),
(2010, 104, 2525, 2390),
(2010, 105, 42337, 39852),
(2010, 106, 5610, 5207),
(2010, 107, 16527, 17198),
(2010, 108, 6674, 6567),
(2010, 109, 2045, 1872),
(2010, 110, 22994, 29644),
(2010, 111, 3921, 3603),
(2010, 112, 713, 695),
(2010, 113, 35805, 36925),
(2010, 114, 0, 4),
(2010, 115, 2716, 2490),
(2010, 116, 1, 0),
(2010, 117, 22, 32),
(2010, 118, 753, 662),
(2010, 119, 70, 48),
(2010, 120, 39754, 37315),
(2010, 121, 693, 631),
(2010, 122, 3559, 2985),
(2010, 123, 1580, 1484),
(2010, 124, 5360, 5529),
(2010, 125, 7363, 6517),
(2010, 126, 2, 0),
(2010, 127, 0, 0),
(2010, 128, 3, 2),
(2010, 129, 1, 1),
(2010, 130, 26, 22),
(2010, 131, 25567, 28977),
(2010, 132, 83964, 83347),
(2010, 133, 14, 6),
(2010, 134, 332, 246),
(2010, 135, 3, 2),
(2010, 136, 12, 18),
(2010, 137, 0, 0),
(2010, 138, 0, 0),
(2010, 139, 14, 7),
(2010, 140, 1568, 1040),
(2010, 141, 104, 64),
(2010, 142, 0, 0),
(2010, 143, 677, 561),
(2010, 144, 1332, 1358),
(2010, 145, 215, 281),
(2010, 146, 171, 117),
(2010, 147, 52, 51),
(2010, 148, 5, 4),
(2010, 149, 796, 896),
(2010, 150, 866, 610),
(2010, 151, 521, 557),
(2010, 152, 29, 16),
(2010, 153, 43, 44),
(2010, 154, 6, 6),
(2010, 155, 354, 332),
(2010, 156, 118, 96),
(2010, 157, 0, 0),
(2010, 158, 0, 0),
(2010, 159, 3, 0),
(2010, 160, 5, 7),
(2010, 161, 36, 33),
(2010, 162, 0, 0),
(2010, 163, 152, 144),
(2010, 164, 0, 0),
(2010, 165, 224, 137),
(2010, 166, 217, 228),
(2010, 167, 398, 368),
(2010, 168, 9, 6),
(2010, 169, 0, 0),
(2010, 170, 295, 161),
(2010, 171, 158, 91),
(2010, 172, 1, 1),
(2010, 173, 525, 508),
(2010, 174, 6, 2),
(2010, 175, 72, 50),
(2010, 176, 23, 12),
(2010, 177, 7788, 7535),
(2010, 178, 0, 0),
(2010, 179, 0, 0),
(2010, 180, 209, 228),
(2010, 181, 0, 0),
(2010, 182, 2, 0),
(2010, 183, 0, 0),
(2010, 184, 8, 8),
(2010, 185, 4, 1),
(2011, 1, 18, 21),
(2011, 2, 54229, 54240),
(2011, 3, 11665, 11940),
(2011, 4, 1, 0),
(2011, 5, 1195, 1419),
(2011, 6, 5, 5),
(2011, 7, 23179, 22306),
(2011, 8, 64, 33),
(2011, 9, 143, 83),
(2011, 10, 87, 95),
(2011, 11, 78, 79),
(2011, 12, 1235, 1118),
(2011, 13, 40, 38),
(2011, 14, 31, 22),
(2011, 15, 702, 516),
(2011, 16, 93974, 95935),
(2011, 17, 6, 9),
(2011, 18, 639, 805),
(2011, 19, 217, 154),
(2011, 20, 2027, 2729),
(2011, 21, 65, 50),
(2011, 22, 6228, 11888),
(2011, 23, 26, 18),
(2011, 24, 190, 161),
(2011, 25, 73, 34),
(2011, 26, 1776, 1952),
(2011, 27, 10, 7),
(2011, 28, 18, 26),
(2011, 29, 11, 2),
(2011, 30, 112, 112),
(2011, 31, 2, 3),
(2011, 32, 1318, 1097),
(2011, 33, 9735, 9615),
(2011, 34, 416, 271),
(2011, 35, 4444, 5126),
(2011, 36, 29317, 35000),
(2011, 37, 310, 245),
(2011, 38, 84, 40),
(2011, 39, 251, 148),
(2011, 40, 890, 793),
(2011, 41, 0, 1),
(2011, 42, 0, 1),
(2011, 43, 108, 78),
(2011, 44, 3095, 2416),
(2011, 45, 47470, 45792),
(2011, 46, 154, 117),
(2011, 47, 141, 112),
(2011, 48, 326, 229),
(2011, 49, 27, 24),
(2011, 50, 8, 5),
(2011, 51, 18, 21),
(2011, 52, 5, 4),
(2011, 53, 34, 31),
(2011, 54, 101, 136),
(2011, 55, 12, 9),
(2011, 56, 3, 2),
(2011, 57, 78, 74),
(2011, 58, 0, 2),
(2011, 59, 351, 330),
(2011, 60, 1, 0),
(2011, 61, 62, 51),
(2011, 62, 44, 41),
(2011, 63, 50, 33),
(2011, 64, 55, 43),
(2011, 65, 26, 7),
(2011, 66, 694, 490),
(2011, 67, 36, 43),
(2011, 68, 124, 113),
(2011, 69, 0, 0),
(2011, 70, 13, 6),
(2011, 71, 91, 85),
(2011, 72, 28, 18),
(2011, 73, 5, 6),
(2011, 74, 14, 31),
(2011, 75, 3477, 3109),
(2011, 76, 24, 26),
(2011, 77, 102, 69),
(2011, 78, 146, 122),
(2011, 79, 270, 61),
(2011, 80, 11, 14),
(2011, 81, 97, 72),
(2011, 82, 2, 4),
(2011, 83, 65, 114),
(2011, 84, 5, 22),
(2011, 85, 3, 4),
(2011, 86, 276, 213),
(2011, 87, 5, 6),
(2011, 88, 1, 2),
(2011, 89, 791, 729),
(2011, 90, 27, 30),
(2011, 91, 0, 0),
(2011, 92, 1, 0),
(2011, 93, 50, 42),
(2011, 94, 19, 18),
(2011, 95, 213, 271),
(2011, 96, 19, 14),
(2011, 97, 11, 7),
(2011, 98, 32, 28),
(2011, 99, 9, 7),
(2011, 100, 161441, 184425),
(2011, 101, 42, 31),
(2011, 102, 13, 13),
(2011, 103, 9, 4),
(2011, 104, 3016, 2777),
(2011, 105, 47231, 45029),
(2011, 106, 6008, 5531),
(2011, 107, 19965, 20527),
(2011, 108, 7364, 7324),
(2011, 109, 2573, 2330),
(2011, 110, 33432, 42001),
(2011, 111, 5152, 4995),
(2011, 112, 931, 857),
(2011, 113, 39204, 40291),
(2011, 114, 0, 4),
(2011, 115, 3037, 2840),
(2011, 116, 1, 0),
(2011, 117, 13, 24),
(2011, 118, 868, 817),
(2011, 119, 70, 48),
(2011, 120, 44451, 42207),
(2011, 121, 736, 656),
(2011, 122, 3970, 3374),
(2011, 123, 1856, 1820),
(2011, 124, 6568, 6612),
(2011, 125, 7835, 6973),
(2011, 126, 3, 1),
(2011, 127, 0, 0),
(2011, 128, 3, 3),
(2011, 129, 1, 2),
(2011, 130, 30, 31),
(2011, 131, 27482, 31141),
(2011, 132, 87203, 86253),
(2011, 133, 12, 5),
(2011, 134, 378, 265),
(2011, 135, 5, 4),
(2011, 136, 18, 23),
(2011, 137, 8, 4),
(2011, 138, 0, 0),
(2011, 139, 28, 18),
(2011, 140, 1843, 1212),
(2011, 141, 122, 75),
(2011, 142, 0, 0),
(2011, 143, 806, 692),
(2011, 144, 1471, 1459),
(2011, 145, 271, 296),
(2011, 146, 193, 117),
(2011, 147, 57, 53),
(2011, 148, 5, 2),
(2011, 149, 943, 1051),
(2011, 150, 901, 620),
(2011, 151, 539, 568),
(2011, 152, 37, 17),
(2011, 153, 40, 54),
(2011, 154, 5, 4),
(2011, 155, 382, 362),
(2011, 156, 125, 101),
(2011, 157, 0, 0),
(2011, 158, 0, 0),
(2011, 159, 6, 2),
(2011, 160, 1, 6),
(2011, 161, 34, 39),
(2011, 162, 0, 0),
(2011, 163, 165, 143),
(2011, 164, 0, 0),
(2011, 165, 229, 138),
(2011, 166, 256, 237),
(2011, 167, 389, 366),
(2011, 168, 11, 8),
(2011, 169, 0, 0),
(2011, 170, 329, 159),
(2011, 171, 172, 92),
(2011, 172, 1, 1),
(2011, 173, 585, 549),
(2011, 174, 8, 2),
(2011, 175, 102, 61),
(2011, 176, 14, 14),
(2011, 177, 8308, 8071),
(2011, 178, 0, 0),
(2011, 179, 0, 0),
(2011, 180, 236, 255),
(2011, 181, 0, 0),
(2011, 182, 2, 0),
(2011, 183, 0, 0),
(2011, 184, 17, 12),
(2011, 185, 4, 3),
(2012, 1, 14, 18),
(2012, 2, 55812, 55919),
(2012, 3, 11852, 12143),
(2012, 4, 3, 0),
(2012, 5, 1365, 1598),
(2012, 6, 5, 3),
(2012, 7, 24264, 23354),
(2012, 8, 64, 30),
(2012, 9, 144, 71),
(2012, 10, 93, 97),
(2012, 11, 76, 82),
(2012, 12, 1299, 1193),
(2012, 13, 49, 43),
(2012, 14, 43, 22),
(2012, 15, 755, 552),
(2012, 16, 97958, 100224),
(2012, 17, 8, 11),
(2012, 18, 664, 805),
(2012, 19, 229, 154),
(2012, 20, 2172, 2848),
(2012, 21, 62, 54),
(2012, 22, 6593, 12352),
(2012, 23, 32, 22),
(2012, 24, 188, 163),
(2012, 25, 73, 35),
(2012, 26, 1872, 2043),
(2012, 27, 17, 17),
(2012, 28, 26, 34),
(2012, 29, 10, 1),
(2012, 30, 107, 112),
(2012, 31, 3, 3),
(2012, 32, 1460, 1191),
(2012, 33, 10085, 10043),
(2012, 34, 497, 304),
(2012, 35, 4643, 5370),
(2012, 36, 31607, 37490),
(2012, 37, 367, 286),
(2012, 38, 87, 43),
(2012, 39, 246, 130),
(2012, 40, 970, 876),
(2012, 41, 0, 1),
(2012, 42, 0, 1),
(2012, 43, 118, 83),
(2012, 44, 3311, 2620),
(2012, 45, 48992, 47411),
(2012, 46, 180, 133),
(2012, 47, 159, 118),
(2012, 48, 384, 224),
(2012, 49, 23, 18),
(2012, 50, 8, 5),
(2012, 51, 19, 17),
(2012, 52, 3, 4),
(2012, 53, 76, 46),
(2012, 54, 93, 124),
(2012, 55, 10, 9),
(2012, 56, 4, 2),
(2012, 57, 69, 69),
(2012, 58, 2, 1),
(2012, 59, 356, 339),
(2012, 60, 1, 1),
(2012, 61, 60, 49),
(2012, 62, 48, 40),
(2012, 63, 94, 46),
(2012, 64, 74, 61),
(2012, 65, 24, 11),
(2012, 66, 734, 509),
(2012, 67, 45, 48),
(2012, 68, 140, 114),
(2012, 69, 2, 1),
(2012, 70, 13, 5),
(2012, 71, 61, 68),
(2012, 72, 29, 20),
(2012, 73, 5, 7),
(2012, 74, 16, 39),
(2012, 75, 3683, 3281),
(2012, 76, 27, 23),
(2012, 77, 107, 70),
(2012, 78, 166, 144),
(2012, 79, 250, 62),
(2012, 80, 13, 18),
(2012, 81, 95, 70),
(2012, 82, 3, 3),
(2012, 83, 57, 96),
(2012, 84, 4, 21),
(2012, 85, 1, 3),
(2012, 86, 317, 252),
(2012, 87, 5, 6),
(2012, 88, 1, 2),
(2012, 89, 816, 771),
(2012, 90, 30, 38),
(2012, 91, 0, 0),
(2012, 92, 2, 2),
(2012, 93, 49, 38),
(2012, 94, 16, 16),
(2012, 95, 222, 272),
(2012, 96, 22, 9),
(2012, 97, 12, 7),
(2012, 98, 33, 25),
(2012, 99, 9, 9),
(2012, 100, 171682, 196257),
(2012, 101, 40, 30),
(2012, 102, 17, 15),
(2012, 103, 10, 5),
(2012, 104, 3412, 3123),
(2012, 105, 51541, 49081),
(2012, 106, 6466, 5934),
(2012, 107, 21982, 22486),
(2012, 108, 8126, 8127),
(2012, 109, 2965, 2733),
(2012, 110, 39693, 49630),
(2012, 111, 6974, 6881),
(2012, 112, 1153, 1078),
(2012, 113, 42824, 43802),
(2012, 114, 1, 4),
(2012, 115, 3378, 3186),
(2012, 116, 1, 0),
(2012, 117, 20, 32),
(2012, 118, 1008, 945),
(2012, 119, 65, 46),
(2012, 120, 48308, 46309),
(2012, 121, 773, 702),
(2012, 122, 4313, 3671),
(2012, 123, 2075, 2019),
(2012, 124, 7630, 7584),
(2012, 125, 8380, 7522),
(2012, 126, 3, 1),
(2012, 127, 0, 0),
(2012, 128, 4, 3),
(2012, 129, 1, 2),
(2012, 130, 42, 34),
(2012, 131, 28159, 31887),
(2012, 132, 89920, 89115),
(2012, 133, 16, 7),
(2012, 134, 459, 294),
(2012, 135, 4, 2),
(2012, 136, 16, 17),
(2012, 137, 16, 16),
(2012, 138, 0, 1),
(2012, 139, 27, 21),
(2012, 140, 2214, 1417),
(2012, 141, 147, 86),
(2012, 142, 0, 1),
(2012, 143, 952, 842),
(2012, 144, 1566, 1544),
(2012, 145, 335, 329),
(2012, 146, 217, 118),
(2012, 147, 49, 52),
(2012, 148, 10, 7),
(2012, 149, 1074, 1177),
(2012, 150, 957, 632),
(2012, 151, 565, 612),
(2012, 152, 42, 15),
(2012, 153, 52, 68),
(2012, 154, 5, 3),
(2012, 155, 399, 393),
(2012, 156, 145, 113),
(2012, 157, 0, 2),
(2012, 158, 0, 0),
(2012, 159, 8, 4),
(2012, 160, 3, 6),
(2012, 161, 50, 43),
(2012, 162, 0, 0),
(2012, 163, 187, 181),
(2012, 164, 0, 0),
(2012, 165, 313, 187),
(2012, 166, 367, 335),
(2012, 167, 412, 374),
(2012, 168, 16, 8),
(2012, 169, 2, 0),
(2012, 170, 387, 180),
(2012, 171, 181, 98),
(2012, 172, 1, 1),
(2012, 173, 679, 637),
(2012, 174, 13, 8),
(2012, 175, 139, 61),
(2012, 176, 12, 11),
(2012, 177, 8596, 8381),
(2012, 178, 0, 0),
(2012, 179, 0, 0),
(2012, 180, 256, 287),
(2012, 181, 0, 1),
(2012, 182, 2, 0),
(2012, 183, 0, 0),
(2012, 184, 15, 15),
(2012, 185, 4, 3),
(2013, 1, 19, 20),
(2013, 2, 57978, 58078),
(2013, 3, 11838, 12176),
(2013, 4, 3, 0),
(2013, 5, 1573, 1826),
(2013, 6, 5, 3),
(2013, 7, 25678, 24640),
(2013, 8, 47, 31),
(2013, 9, 144, 73),
(2013, 10, 104, 104),
(2013, 11, 85, 91),
(2013, 12, 1349, 1238),
(2013, 13, 57, 44),
(2013, 14, 49, 21),
(2013, 15, 804, 573),
(2013, 16, 101982, 104607),
(2013, 17, 9, 11),
(2013, 18, 661, 784),
(2013, 19, 239, 164),
(2013, 20, 2304, 3021),
(2013, 21, 83, 61),
(2013, 22, 6894, 12813),
(2013, 23, 33, 26),
(2013, 24, 189, 171),
(2013, 25, 73, 39),
(2013, 26, 2002, 2159),
(2013, 27, 22, 14),
(2013, 28, 50, 55),
(2013, 29, 10, 1),
(2013, 30, 106, 113),
(2013, 31, 4, 3),
(2013, 32, 1635, 1347),
(2013, 33, 10466, 10460),
(2013, 34, 579, 343),
(2013, 35, 4905, 5730),
(2013, 36, 34209, 40180),
(2013, 37, 442, 325),
(2013, 38, 96, 53),
(2013, 39, 268, 142),
(2013, 40, 1011, 928),
(2013, 41, 0, 1),
(2013, 42, 1, 0),
(2013, 43, 129, 91),
(2013, 44, 3523, 2789),
(2013, 45, 50637, 48902),
(2013, 46, 170, 125),
(2013, 47, 167, 119),
(2013, 48, 354, 242),
(2013, 49, 24, 22),
(2013, 50, 7, 8),
(2013, 51, 21, 16),
(2013, 52, 2, 2),
(2013, 53, 86, 47),
(2013, 54, 95, 115),
(2013, 55, 10, 7),
(2013, 56, 3, 2),
(2013, 57, 80, 82),
(2013, 58, 1, 1),
(2013, 59, 349, 337),
(2013, 60, 1, 1),
(2013, 61, 72, 55),
(2013, 62, 51, 46),
(2013, 63, 175, 65),
(2013, 64, 84, 58),
(2013, 65, 26, 9),
(2013, 66, 854, 533),
(2013, 67, 67, 46),
(2013, 68, 148, 111),
(2013, 69, 2, 1),
(2013, 70, 10, 6),
(2013, 71, 59, 70),
(2013, 72, 26, 19),
(2013, 73, 10, 10),
(2013, 74, 28, 36),
(2013, 75, 3918, 3487),
(2013, 76, 25, 20),
(2013, 77, 127, 83),
(2013, 78, 155, 131),
(2013, 79, 225, 65),
(2013, 80, 17, 15),
(2013, 81, 100, 75),
(2013, 82, 3, 3),
(2013, 83, 56, 88),
(2013, 84, 6, 18),
(2013, 85, 2, 3),
(2013, 86, 338, 265),
(2013, 87, 5, 6),
(2013, 88, 2, 4),
(2013, 89, 889, 834),
(2013, 90, 28, 24),
(2013, 91, 1, 2),
(2013, 92, 2, 2),
(2013, 93, 50, 40),
(2013, 94, 13, 14),
(2013, 95, 213, 267),
(2013, 96, 24, 8),
(2013, 97, 13, 10),
(2013, 98, 36, 28),
(2013, 99, 8, 8),
(2013, 100, 179855, 205533),
(2013, 101, 40, 34),
(2013, 102, 14, 14),
(2013, 103, 7, 5),
(2013, 104, 3888, 3578),
(2013, 105, 56408, 54014),
(2013, 106, 6939, 6344),
(2013, 107, 25690, 26078),
(2013, 108, 9146, 9067),
(2013, 109, 3420, 3221),
(2013, 110, 43806, 54174),
(2013, 111, 10377, 10632),
(2013, 112, 1235, 1172),
(2013, 113, 46716, 47869),
(2013, 114, 2, 5),
(2013, 115, 3847, 3657),
(2013, 116, 2, 1),
(2013, 117, 25, 40),
(2013, 118, 1166, 1090),
(2013, 119, 73, 48),
(2013, 120, 51358, 49424),
(2013, 121, 820, 740),
(2013, 122, 4629, 3966),
(2013, 123, 2227, 2137),
(2013, 124, 8708, 8607),
(2013, 125, 9110, 8272),
(2013, 126, 3, 1),
(2013, 127, 0, 1),
(2013, 128, 4, 3),
(2013, 129, 1, 2),
(2013, 130, 47, 23),
(2013, 131, 29293, 33198),
(2013, 132, 92120, 91043),
(2013, 133, 25, 7),
(2013, 134, 612, 316),
(2013, 135, 4, 4),
(2013, 136, 15, 22),
(2013, 137, 26, 21),
(2013, 138, 1, 1),
(2013, 139, 32, 25),
(2013, 140, 2520, 1606),
(2013, 141, 192, 107),
(2013, 142, 0, 1),
(2013, 143, 1175, 992),
(2013, 144, 1677, 1648),
(2013, 145, 362, 333),
(2013, 146, 269, 143),
(2013, 147, 44, 47),
(2013, 148, 14, 7),
(2013, 149, 1213, 1283),
(2013, 150, 1004, 664),
(2013, 151, 619, 659),
(2013, 152, 38, 15),
(2013, 153, 57, 72),
(2013, 154, 4, 5),
(2013, 155, 410, 421),
(2013, 156, 178, 144),
(2013, 157, 1, 8),
(2013, 158, 1, 1),
(2013, 159, 6, 4),
(2013, 160, 3, 8),
(2013, 161, 50, 53),
(2013, 162, 0, 0),
(2013, 163, 240, 240),
(2013, 164, 0, 0),
(2013, 165, 441, 252),
(2013, 166, 475, 430),
(2013, 167, 343, 305),
(2013, 168, 21, 11),
(2013, 169, 1, 0),
(2013, 170, 407, 200),
(2013, 171, 191, 97),
(2013, 172, 0, 1),
(2013, 173, 729, 669),
(2013, 174, 11, 7),
(2013, 175, 149, 74),
(2013, 176, 14, 7),
(2013, 177, 8959, 8720),
(2013, 178, 0, 0),
(2013, 179, 0, 1),
(2013, 180, 280, 329),
(2013, 181, 0, 1),
(2013, 182, 2, 0),
(2013, 183, 0, 0),
(2013, 184, 13, 11),
(2013, 185, 3, 1),
(2014, 1, 21, 19),
(2014, 2, 61032, 61186),
(2014, 3, 12020, 12298),
(2014, 4, 2, 0),
(2014, 5, 1850, 2072),
(2014, 6, 6, 4),
(2014, 7, 27296, 25916),
(2014, 8, 47, 28),
(2014, 9, 130, 72),
(2014, 10, 103, 110),
(2014, 11, 82, 94),
(2014, 12, 1493, 1350),
(2014, 13, 71, 54),
(2014, 14, 59, 20),
(2014, 15, 900, 680),
(2014, 16, 106280, 108903),
(2014, 17, 9, 11),
(2014, 18, 673, 798),
(2014, 19, 262, 175),
(2014, 20, 2535, 3298),
(2014, 21, 86, 62),
(2014, 22, 7449, 13449),
(2014, 23, 39, 30),
(2014, 24, 192, 171),
(2014, 25, 74, 44),
(2014, 26, 2150, 2294),
(2014, 27, 15, 10),
(2014, 28, 88, 79),
(2014, 29, 12, 4),
(2014, 30, 113, 109),
(2014, 31, 9, 0),
(2014, 32, 1885, 1546),
(2014, 33, 10992, 10982),
(2014, 34, 697, 411),
(2014, 35, 5017, 5830),
(2014, 36, 37648, 43871),
(2014, 37, 526, 381),
(2014, 38, 116, 65),
(2014, 39, 292, 158),
(2014, 40, 1089, 943),
(2014, 41, 0, 1),
(2014, 42, 1, 0),
(2014, 43, 134, 86),
(2014, 44, 3823, 3111),
(2014, 45, 52587, 50660),
(2014, 46, 169, 134),
(2014, 47, 200, 125),
(2014, 48, 367, 246),
(2014, 49, 21, 21),
(2014, 50, 6, 6),
(2014, 51, 15, 13),
(2014, 52, 0, 1),
(2014, 53, 88, 56),
(2014, 54, 95, 106),
(2014, 55, 8, 9),
(2014, 56, 4, 1),
(2014, 57, 106, 89),
(2014, 58, 0, 1),
(2014, 59, 330, 315),
(2014, 60, 1, 0),
(2014, 61, 82, 49),
(2014, 62, 53, 49),
(2014, 63, 252, 91),
(2014, 64, 104, 65),
(2014, 65, 22, 12),
(2014, 66, 1022, 619),
(2014, 67, 72, 37),
(2014, 68, 139, 114),
(2014, 69, 1, 0),
(2014, 70, 10, 7),
(2014, 71, 63, 74),
(2014, 72, 26, 19),
(2014, 73, 11, 12),
(2014, 74, 41, 38),
(2014, 75, 3942, 3562),
(2014, 76, 30, 26),
(2014, 77, 117, 66),
(2014, 78, 139, 117),
(2014, 79, 217, 64),
(2014, 80, 14, 12),
(2014, 81, 109, 62),
(2014, 82, 3, 3),
(2014, 83, 57, 91),
(2014, 84, 8, 18),
(2014, 85, 3, 3),
(2014, 86, 382, 265),
(2014, 87, 5, 7),
(2014, 88, 4, 3),
(2014, 89, 929, 893),
(2014, 90, 31, 31),
(2014, 91, 3, 3),
(2014, 92, 1, 2),
(2014, 93, 53, 42),
(2014, 94, 15, 12),
(2014, 95, 227, 266),
(2014, 96, 23, 8),
(2014, 97, 13, 5),
(2014, 98, 41, 32),
(2014, 99, 8, 8),
(2014, 100, 188736, 215375),
(2014, 101, 42, 34),
(2014, 102, 14, 13),
(2014, 103, 8, 3),
(2014, 104, 4527, 4129),
(2014, 105, 60023, 57500),
(2014, 106, 7362, 6766),
(2014, 107, 27935, 28169),
(2014, 108, 11150, 10973),
(2014, 109, 3664, 3466),
(2014, 110, 48947, 59911),
(2014, 111, 15583, 16284),
(2014, 112, 1286, 1217),
(2014, 113, 51191, 52283),
(2014, 114, 2, 4),
(2014, 115, 4112, 3954),
(2014, 116, 1, 3),
(2014, 117, 21, 43),
(2014, 118, 1263, 1184),
(2014, 119, 87, 49),
(2014, 120, 55070, 53244),
(2014, 121, 850, 774),
(2014, 122, 5135, 4397),
(2014, 123, 2403, 2298),
(2014, 124, 9956, 9712),
(2014, 125, 9937, 8991),
(2014, 126, 2, 0),
(2014, 127, 0, 1),
(2014, 128, 4, 3),
(2014, 129, 1, 0),
(2014, 130, 47, 29),
(2014, 131, 29926, 33901),
(2014, 132, 94887, 93698),
(2014, 133, 21, 14),
(2014, 134, 872, 376),
(2014, 135, 6, 6),
(2014, 136, 20, 19),
(2014, 137, 27, 21),
(2014, 138, 3, 1),
(2014, 139, 40, 25),
(2014, 140, 2760, 1783),
(2014, 141, 208, 131),
(2014, 142, 0, 0),
(2014, 143, 1552, 1249),
(2014, 144, 1794, 1781),
(2014, 145, 393, 356),
(2014, 146, 343, 158),
(2014, 147, 39, 42),
(2014, 148, 21, 10),
(2014, 149, 1177, 1233),
(2014, 150, 1117, 713),
(2014, 151, 626, 663),
(2014, 152, 37, 14),
(2014, 153, 78, 88),
(2014, 154, 9, 7),
(2014, 155, 404, 416),
(2014, 156, 201, 159),
(2014, 157, 1, 7),
(2014, 158, 2, 2),
(2014, 159, 7, 5),
(2014, 160, 5, 8),
(2014, 161, 54, 57),
(2014, 162, 361, 279),
(2014, 163, 302, 292),
(2014, 164, 0, 0),
(2014, 165, 635, 355),
(2014, 166, 623, 538),
(2014, 167, 243, 195),
(2014, 168, 22, 15),
(2014, 169, 0, 0),
(2014, 170, 459, 234),
(2014, 171, 0, 0),
(2014, 172, 0, 0),
(2014, 173, 782, 708),
(2014, 174, 10, 7),
(2014, 175, 168, 79),
(2014, 176, 10, 7),
(2014, 177, 9274, 9082),
(2014, 178, 3, 2),
(2014, 179, 0, 1),
(2014, 180, 329, 381),
(2014, 181, 0, 1),
(2014, 182, 6, 1),
(2014, 183, 0, 0),
(2014, 184, 12, 7),
(2014, 185, 1, 1),
(2015, 1, 14, 19),
(2015, 2, 65144, 65135),
(2015, 3, 12113, 12372),
(2015, 4, 2, 0),
(2015, 5, 2108, 2283),
(2015, 6, 6, 3),
(2015, 7, 28812, 27311),
(2015, 8, 41, 19),
(2015, 9, 132, 79),
(2015, 10, 99, 111),
(2015, 11, 78, 89),
(2015, 12, 1633, 1503),
(2015, 13, 86, 60),
(2015, 14, 77, 37),
(2015, 15, 1036, 771),
(2015, 16, 110646, 112990),
(2015, 17, 11, 11),
(2015, 18, 667, 822),
(2015, 19, 302, 197),
(2015, 20, 2901, 3654),
(2015, 21, 102, 74),
(2015, 22, 7730, 13888),
(2015, 23, 48, 35),
(2015, 24, 193, 171),
(2015, 25, 92, 53),
(2015, 26, 2270, 2418),
(2015, 27, 12, 11),
(2015, 28, 123, 126),
(2015, 29, 11, 4),
(2015, 30, 115, 115),
(2015, 31, 9, 0),
(2015, 32, 2172, 1799),
(2015, 33, 11506, 11589),
(2015, 34, 821, 462),
(2015, 35, 5209, 6015),
(2015, 36, 42384, 48932),
(2015, 37, 591, 416),
(2015, 38, 138, 75),
(2015, 39, 312, 168),
(2015, 40, 1152, 966),
(2015, 41, 0, 1),
(2015, 42, 0, 0),
(2015, 43, 129, 92),
(2015, 44, 4202, 3404),
(2015, 45, 54460, 52556),
(2015, 46, 176, 138),
(2015, 47, 210, 124),
(2015, 48, 358, 257),
(2015, 49, 24, 20),
(2015, 50, 8, 6),
(2015, 51, 16, 18),
(2015, 52, 2, 1),
(2015, 53, 83, 56),
(2015, 54, 93, 100),
(2015, 55, 8, 9),
(2015, 56, 5, 2),
(2015, 57, 130, 96),
(2015, 58, 0, 1),
(2015, 59, 318, 319),
(2015, 60, 1, 1),
(2015, 61, 90, 50),
(2015, 62, 61, 62),
(2015, 63, 324, 112),
(2015, 64, 95, 58),
(2015, 65, 41, 23),
(2015, 66, 1066, 643),
(2015, 67, 83, 45),
(2015, 68, 131, 110),
(2015, 69, 2, 1),
(2015, 70, 8, 5),
(2015, 71, 44, 55),
(2015, 72, 32, 20),
(2015, 73, 12, 12),
(2015, 74, 90, 40),
(2015, 75, 4199, 3804),
(2015, 76, 33, 26),
(2015, 77, 123, 68),
(2015, 78, 143, 131),
(2015, 79, 194, 69),
(2015, 80, 17, 8),
(2015, 81, 100, 64),
(2015, 82, 3, 3),
(2015, 83, 68, 90),
(2015, 84, 7, 16),
(2015, 85, 3, 1),
(2015, 86, 446, 298),
(2015, 87, 5, 7),
(2015, 88, 4, 2),
(2015, 89, 986, 941),
(2015, 90, 26, 25),
(2015, 91, 4, 2),
(2015, 92, 1, 2),
(2015, 93, 52, 44),
(2015, 94, 21, 13),
(2015, 95, 252, 263),
(2015, 96, 26, 13),
(2015, 97, 14, 7),
(2015, 98, 41, 28),
(2015, 99, 8, 6),
(2015, 100, 197746, 225260),
(2015, 101, 48, 43),
(2015, 102, 13, 12),
(2015, 103, 9, 2),
(2015, 104, 5470, 5208),
(2015, 105, 63034, 60232),
(2015, 106, 7674, 7052),
(2015, 107, 29661, 29559),
(2015, 108, 13372, 13377),
(2015, 109, 3825, 3616),
(2015, 110, 54335, 65327),
(2015, 111, 19931, 20714),
(2015, 112, 1343, 1254),
(2015, 113, 56347, 57155),
(2015, 114, 4, 6),
(2015, 115, 4245, 4069),
(2015, 116, 3, 2),
(2015, 117, 29, 42),
(2015, 118, 1356, 1280),
(2015, 119, 91, 51),
(2015, 120, 58684, 56936),
(2015, 121, 850, 797),
(2015, 122, 5689, 4830),
(2015, 123, 2654, 2523),
(2015, 124, 11502, 11123),
(2015, 125, 10435, 9591),
(2015, 126, 3, 0),
(2015, 127, 0, 1),
(2015, 128, 3, 3),
(2015, 129, 2, 0),
(2015, 130, 54, 39),
(2015, 131, 30344, 34151),
(2015, 132, 95925, 94676),
(2015, 133, 21, 16),
(2015, 134, 1197, 473),
(2015, 135, 10, 9),
(2015, 136, 24, 25),
(2015, 137, 41, 26),
(2015, 138, 4, 4),
(2015, 139, 35, 18),
(2015, 140, 2952, 1832),
(2015, 141, 229, 155),
(2015, 142, 1, 0),
(2015, 143, 1882, 1457),
(2015, 144, 1930, 1892),
(2015, 145, 396, 362),
(2015, 146, 369, 179),
(2015, 147, 30, 42),
(2015, 148, 30, 14),
(2015, 149, 1348, 1351),
(2015, 150, 1207, 773),
(2015, 151, 637, 658),
(2015, 152, 37, 14),
(2015, 153, 97, 97),
(2015, 154, 7, 7),
(2015, 155, 402, 396),
(2015, 156, 258, 194),
(2015, 157, 2, 3),
(2015, 158, 1, 2),
(2015, 159, 14, 6),
(2015, 160, 7, 12),
(2015, 161, 69, 59),
(2015, 162, 240, 116),
(2015, 163, 350, 311),
(2015, 164, 146, 171),
(2015, 165, 802, 493),
(2015, 166, 766, 630),
(2015, 167, 222, 167),
(2015, 168, 24, 15),
(2015, 169, 0, 0),
(2015, 170, 506, 253),
(2015, 171, 0, 0),
(2015, 172, 0, 0),
(2015, 173, 841, 765),
(2015, 174, 10, 7),
(2015, 175, 185, 94),
(2015, 176, 9, 5),
(2015, 177, 9610, 9377),
(2015, 178, 2, 3),
(2015, 179, 0, 1),
(2015, 180, 397, 447),
(2015, 181, 0, 1),
(2015, 182, 5, 1),
(2015, 183, 0, 1),
(2015, 184, 10, 6),
(2015, 185, 1, 1);

-- --------------------------------------------------------

--
-- Estructura de tabla para la tabla `Paises`
--

DROP TABLE IF EXISTS `Paises`;
CREATE TABLE IF NOT EXISTS `Paises` (
  `ID` int(11) NOT NULL AUTO_INCREMENT,
  `Nombre` varchar(35) COLLATE utf8_unicode_ci DEFAULT NULL,
  `ID_Continente` char(2) COLLATE utf8_unicode_ci DEFAULT NULL,
  PRIMARY KEY (`ID`),
  KEY `PaisesContinentes_fk_1` (`ID_Continente`)
) ENGINE=InnoDB  DEFAULT CHARSET=utf8 COLLATE=utf8_unicode_ci AUTO_INCREMENT=186 ;

--
-- Volcado de datos para la tabla `Paises`
--

INSERT INTO `Paises` (`ID`, `Nombre`, `ID_Continente`) VALUES
(1, 'Albania', 'EU'),
(2, 'Alemania', 'EU'),
(3, 'Andorra', 'EU'),
(4, 'Armenia', 'EU'),
(5, 'Austria', 'EU'),
(6, 'Belarús', 'EU'),
(7, 'Bélgica', 'EU'),
(8, 'Bosnia y herzegovina', 'EU'),
(9, 'Bulgaria', 'EU'),
(10, 'Chipre', 'EU'),
(11, 'Croacia', 'EU'),
(12, 'Dinamarca', 'EU'),
(13, 'Eslovenia', 'EU'),
(14, 'Estonia', 'EU'),
(15, 'Finlandia', 'EU'),
(16, 'Francia', 'EU'),
(17, 'Georgia', 'EU'),
(18, 'Grecia', 'EU'),
(19, 'Hungría', 'EU'),
(20, 'Irlanda', 'EU'),
(21, 'Islandia', 'EU'),
(22, 'Italia', 'EU'),
(23, 'Letonia', 'EU'),
(24, 'Liechtenstein', 'EU'),
(25, 'Lituania', 'EU'),
(26, 'Luxemburgo', 'EU'),
(27, 'Macedonia', 'EU'),
(28, 'Malta', 'EU'),
(29, 'Moldavia', 'EU'),
(30, 'Mónaco', 'EU'),
(31, 'Montenegro', 'EU'),
(32, 'Noruega', 'EU'),
(33, 'Países bajos', 'EU'),
(34, 'Polonia', 'EU'),
(35, 'Portugal', 'EU'),
(36, 'Reino unido', 'EU'),
(37, 'República checa', 'EU'),
(38, 'República eslovaca', 'EU'),
(39, 'Rumanía', 'EU'),
(40, 'Rusia', 'EU'),
(41, 'San marino', 'EU'),
(42, 'Santa sede', 'EU'),
(43, 'Serbia', 'EU'),
(44, 'Suecia', 'EU'),
(45, 'Suiza', 'EU'),
(46, 'Ucrania', 'EU'),
(47, 'Angola', 'AF'),
(48, 'Argelia', 'AF'),
(49, 'Benin', 'AF'),
(50, 'Botswana', 'AF'),
(51, 'Burkina faso', 'AF'),
(52, 'Burundi', 'AF'),
(53, 'Cabo verde', 'AF'),
(54, 'Camerún', 'AF'),
(55, 'Chad', 'AF'),
(56, 'Congo', 'AF'),
(57, 'Costa de marfil', 'AF'),
(58, 'Djibouti', 'AF'),
(59, 'Egipto', 'AF'),
(60, 'Eritrea', 'AF'),
(61, 'Etiopía', 'AF'),
(62, 'Gabón', 'AF'),
(63, 'Gambia', 'AF'),
(64, 'Ghana', 'AF'),
(65, 'Guinea', 'AF'),
(66, 'Guinea ecuatorial', 'AF'),
(67, 'Guinea-bissau', 'AF'),
(68, 'Kenia', 'AF'),
(69, 'Lesotho', 'AF'),
(70, 'Liberia', 'AF'),
(71, 'Libia', 'AF'),
(72, 'Madagascar', 'AF'),
(73, 'Malawi', 'AF'),
(74, 'Mali', 'AF'),
(75, 'Marruecos', 'AF'),
(76, 'Mauricio', 'AF'),
(77, 'Mauritania', 'AF'),
(78, 'Mozambique', 'AF'),
(79, 'Namibia', 'AF'),
(80, 'Níger', 'AF'),
(81, 'Nigeria', 'AF'),
(82, 'República centroafricana', 'AF'),
(83, 'República democrática del congo', 'AF'),
(84, 'Ruanda', 'AF'),
(85, 'Santo tomé y príncipe', 'AF'),
(86, 'Senegal', 'AF'),
(87, 'Seychelles', 'AF'),
(88, 'Sierra leona', 'AF'),
(89, 'Sudáfrica', 'AF'),
(90, 'Sudán', 'AF'),
(91, 'Sudán del sur', 'AF'),
(92, 'Swazilandia', 'AF'),
(93, 'Tanzania', 'AF'),
(94, 'Togo', 'AF'),
(95, 'Túnez', 'AF'),
(96, 'Uganda', 'AF'),
(97, 'Zambia', 'AF'),
(98, 'Zimbabwe', 'AF'),
(99, 'Antigua y barbuda', 'AM'),
(100, 'Argentina', 'AM'),
(101, 'Bahamas', 'AM'),
(102, 'Barbados', 'AM'),
(103, 'Belice', 'AM'),
(104, 'Bolivia', 'AM'),
(105, 'Brasil', 'AM'),
(106, 'Canadá', 'AM'),
(107, 'Chile', 'AM'),
(108, 'Colombia', 'AM'),
(109, 'Costa rica', 'AM'),
(110, 'Cuba', 'AM'),
(111, 'Ecuador', 'AM'),
(112, 'El salvador', 'AM'),
(113, 'Estados unidos de américa', 'AM'),
(114, 'Granada', 'AM'),
(115, 'Guatemala', 'AM'),
(116, 'Guyana', 'AM'),
(117, 'Haití', 'AM'),
(118, 'Honduras', 'AM'),
(119, 'Jamaica', 'AM'),
(120, 'México', 'AM'),
(121, 'Nicaragua', 'AM'),
(122, 'Panamá', 'AM'),
(123, 'Paraguay', 'AM'),
(124, 'Perú', 'AM'),
(125, 'República dominicana', 'AM'),
(126, 'San cristóbal y nieves', 'AM'),
(127, 'San vicente y las granadinas', 'AM'),
(128, 'Santa lucía', 'AM'),
(129, 'Surinam', 'AM'),
(130, 'Trinidad y tobago', 'AM'),
(131, 'Uruguay', 'AM'),
(132, 'Venezuela', 'AM'),
(133, 'Afganistán', 'AS'),
(134, 'Arabia saudí', 'AS'),
(135, 'Azerbaiyán', 'AS'),
(136, 'Bahréin', 'AS'),
(137, 'Bangladesh', 'AS'),
(138, 'Brunei', 'AS'),
(139, 'Camboya', 'AS'),
(140, 'China', 'AS'),
(141, 'Corea', 'AS'),
(142, 'Corea del norte', 'AS'),
(143, 'Emiratos árabes unidos', 'AS'),
(144, 'Filipinas', 'AS'),
(145, 'India', 'AS'),
(146, 'Indonesia', 'AS'),
(147, 'Irán', 'AS'),
(148, 'Iraq', 'AS'),
(149, 'Israel', 'AS'),
(150, 'Japón', 'AS'),
(151, 'Jordania', 'AS'),
(152, 'Kazajstán', 'AS'),
(153, 'Kuwait', 'AS'),
(154, 'Laos', 'AS'),
(155, 'Líbano', 'AS'),
(156, 'Malasia', 'AS'),
(157, 'Maldivas', 'AS'),
(158, 'Mongolia', 'AS'),
(159, 'Myanmar', 'AS'),
(160, 'Nepal', 'AS'),
(161, 'Omán', 'AS'),
(162, 'Otros países de asia', 'AS'),
(163, 'Pakistán', 'AS'),
(164, 'Palestina. estado observador, no mi', 'AS'),
(165, 'Qatar', 'AS'),
(166, 'Singapur', 'AS'),
(167, 'Siria', 'AS'),
(168, 'Sri lanka', 'AS'),
(169, 'Tadyikistán', 'AS'),
(170, 'Tailandia', 'AS'),
(171, 'Taiwan', 'AS'),
(172, 'Turkmenistán', 'AS'),
(173, 'Turquía', 'AS'),
(174, 'Uzbekistán', 'AS'),
(175, 'Vietnam', 'AS'),
(176, 'Yemen', 'AS'),
(177, 'Australia', 'OC'),
(178, 'Fiji', 'OC'),
(179, 'Micronesia', 'OC'),
(180, 'Nueva zelanda', 'OC'),
(181, 'Palaos', 'OC'),
(182, 'Papúa nueva guinea', 'OC'),
(183, 'Samoa', 'OC'),
(184, 'Timor oriental', 'OC'),
(185, 'Vanuatu', 'OC');

--
-- Restricciones para tablas volcadas
--

--
-- Filtros para la tabla `Emigrantes`
--
ALTER TABLE `Emigrantes`
  ADD CONSTRAINT `Emigrantes_ibfk_1` FOREIGN KEY (`ID_pais`) REFERENCES `Paises` (`ID`) ON UPDATE CASCADE;

--
-- Filtros para la tabla `Paises`
--
ALTER TABLE `Paises`
  ADD CONSTRAINT `PaisesContinentes_fk_1` FOREIGN KEY (`ID_Continente`) REFERENCES `Continentes` (`ID`);

/*!40101 SET CHARACTER_SET_CLIENT=@OLD_CHARACTER_SET_CLIENT */;
/*!40101 SET CHARACTER_SET_RESULTS=@OLD_CHARACTER_SET_RESULTS */;
/*!40101 SET COLLATION_CONNECTION=@OLD_COLLATION_CONNECTION */;
